,mean,std,min,max
Unnamed: 0,11.5,6.995439243733445,0.0,23.0
faithfulness_score,0.9513541666666668,0.054672522011706824,0.759,1.0
context_precision_score,0.9550000000000001,0.06933544732183637,0.807,1.0
context_recall_score,0.45250000000000007,0.1577083222078563,0.25,0.764
cwe_f1,0.9842083333333335,0.03417785666955759,0.868,1.0
asvs_f1,0.9875416666666667,0.03182061310596822,0.868,1.0
